Snapshot time = ,1e-09
r (cm),u (cm/s),cs (cm/s),rho (g/cc),ni (1/cc),Ti (keV),Te (keV),P (GBar),Abar,Zbar,Ion MFP (cm),tau_ii (s)
0.0,0.0,3.122350295628605,0.02834458,6.781e+21,6.455,5.922,0.1658,2.5,1.5,0.00029185471918836655,5.41437431335e-11
0.0005,935200.0,3.1212043047568803,0.02615844,6.258e+21,6.447,5.922,0.1529,2.5,1.5,0.00030380562657859346,5.83168178795e-11
0.001,2119000.0,3.1211174485057347,0.02627966,6.287e+21,6.445,5.922,0.1536,2.5,1.5,0.0003031041356810619,5.80382702984e-11
0.0015,2548000.0,3.120644533119646,0.02630474,6.293e+21,6.44,5.922,0.1537,2.5,1.5,0.00030295960536893553,5.79257657498e-11
0.002,3552000.0,3.1200399950199595,0.02605812,6.234e+21,6.435,5.922,0.1522,2.5,1.5,0.000304389868707814,5.83834579766e-11
0.0025,4679000.0,3.11936860031921,0.02594944,6.208e+21,6.428,5.922,0.1515,2.5,1.5,0.0003050266170572694,5.85294252956e-11
0.003,5726000.0,3.118866246084482,0.0259578,6.21e+21,6.421,5.923,0.1515,2.5,1.5,0.0003049774944839487,5.84263773915e-11
0.0035,6728000.0,3.118187054815568,0.02584912,6.184e+21,6.413,5.923,0.1508,2.5,1.5,0.0003056179454644466,5.85609468983e-11
0.004,7881000.0,3.1169958493321794,0.0257488,6.16e+21,6.405,5.923,0.1501,2.5,1.5,0.0003062127263296445,5.86786606941e-11
0.0045,8928000.0,3.1163564358402773,0.02567356,6.142e+21,6.395,5.924,0.1496,2.5,1.5,0.0003066610979253613,5.87184397302e-11
0.005,9766000.0,3.115713131168083,0.02559832,6.124e+21,6.386,5.924,0.1491,2.5,1.5,0.00030711144488926583,5.87708414912e-11
0.0055,11050000.0,3.114612061939914,0.02556488,6.116e+21,6.375,5.925,0.1488,2.5,1.5,0.00030731223696360283,5.87080061458e-11
0.006,12020000.0,3.112910438109102,0.02548964,6.098e+21,6.363,5.926,0.1482,2.5,1.5,0.00030776546295877043,5.87237101734e-11
0.0065,13120000.0,3.111484009068412,0.02542694,6.083e+21,6.351,5.926,0.1477,2.5,1.5,0.0003081446869860084,5.87122256705e-11
0.007,14090000.0,3.110243742836887,0.02532662,6.059e+21,6.338,5.927,0.147,2.5,1.5,0.00030875437204110556,5.87708613572e-11
0.0075,15190000.0,3.1093466855304728,0.02527228,6.046e+21,6.325,5.928,0.1466,2.5,1.5,0.00030908613283744203,5.8728864322e-11
0.008,16220000.0,3.10786443110473,0.02519286,6.027e+21,6.309,5.928,0.146,2.5,1.5,0.000309572943478052,5.87047399006e-11
0.0085,17890000.0,3.1062316318061045,0.02530572,6.054e+21,6.292,5.929,0.1465,2.5,1.5,0.00030888184588000395,5.82465372908e-11
0.009,19020000.0,3.104914879114156,0.0253099,6.055e+21,6.278,5.93,0.1464,2.5,1.5,0.00030885633848115124,5.80642139975e-11
0.0095,21270000.0,3.1036565641647647,0.02558996,6.122e+21,6.26,5.931,0.1479,2.5,1.5,0.0003071616060075896,5.72428989571e-11
0.01,21680000.0,3.102170247804041,0.02514688,6.016e+21,6.247,5.932,0.1452,2.5,1.5,0.00030985583470038503,5.8034679758e-11
0.0105,22160000.0,3.0990730504919197,0.0248501,5.945e+21,6.22,5.933,0.1432,2.5,1.5,0.00031170061761412357,5.8350951854e-11
0.011,23340000.0,3.0965370299905266,0.02469962,5.909e+21,6.19,5.935,0.1421,2.5,1.5,0.0003126486784579124,5.83088865418e-11
0.0115,24800000.0,3.0942312418149287,0.02454496,5.872e+21,6.159,5.936,0.141,2.5,1.5,0.00031363214538022695,5.82638135806e-11
0.012,26340000.0,3.090697024360555,0.02435686,5.827e+21,6.128,5.937,0.1396,2.5,1.5,0.00031484085508319554,5.82945806106e-11
0.0125,28050000.0,3.0873706465780626,0.02416458,5.781e+21,6.098,5.938,0.1382,2.5,1.5,0.00031609098337882975,5.83489996111e-11
0.013,30320000.0,3.08511421533545,0.0239723,5.735e+21,6.066,5.94,0.1369,2.5,1.5,0.00031735612245054284,5.83793513068e-11
0.0135,32210000.0,3.0827077610021343,0.02383436,5.702e+21,6.045,5.941,0.1359,2.5,1.5,0.0003182731378062488,5.84272681877e-11
0.014,34620000.0,3.0815210063632454,0.02372986,5.677e+21,6.026,5.943,0.1352,2.5,1.5,0.0003189731631489242,5.84241385785e-11
0.0145,37180000.0,3.080050827514318,0.02362954,5.653e+21,6.01,5.945,0.1345,2.5,1.5,0.00031964955160202765,5.84505349048e-11
0.015,39100000.0,3.0797176223344724,0.02352922,5.629e+21,6.003,5.947,0.1339,2.5,1.5,0.0003203302612672298,5.85947866269e-11
0.0155,41770000.0,3.0792267640819255,0.0235543,5.635e+21,5.997,5.949,0.134,2.5,1.5,0.0003201596762220623,5.8457601461e-11
0.016,44110000.0,3.078671258036301,0.02347488,5.616e+21,5.998,5.951,0.1335,2.5,1.5,0.0003207007995764944,5.86576509717e-11
0.0165,46000000.0,3.0793682386620715,0.02325334,5.563e+21,5.998,5.953,0.1323,2.5,1.5,0.000322224873830556,5.91859136178e-11
0.017,47730000.0,3.080358002332152,0.02302762,5.509e+21,5.998,5.955,0.1311,2.5,1.5,0.0003238002696580169,5.97343265707e-11
0.0175,50610000.0,6.402743390737221,0.00519574,1.243e+21,4.636,5.962,0.1278,2.5,1.5,0.0006816760377440539,1.73141756933e-10
0.018,53040000.0,6.391562746691714,0.00510378,1.221e+21,4.364,5.969,0.1251,2.5,1.5,0.0006877898465773343,1.62368615325e-10
0.0185,55280000.0,6.396042409892743,0.00498256,1.192e+21,4.392,5.975,0.1223,2.5,1.5,0.0006961061401749461,1.67539584069e-10
0.019,57370000.0,6.403571859532782,0.00485298,1.161e+21,4.465,5.982,0.1194,2.5,1.5,0.0007053383254269592,1.75617980359e-10
0.0195,59340000.0,6.4115048460596205,0.0047234,1.13e+21,4.543,5.989,0.1165,2.5,1.5,0.0007149478599715339,1.84419739224e-10
0.02,62090000.0,6.424184737661325,0.00453112,1.084e+21,4.653,6.001,0.1122,2.5,1.5,0.0007299598128755337,1.98096680536e-10
0.0205,63820000.0,6.427174407705478,0.0044099,1.055e+21,4.72,6.008,0.1093,2.5,1.5,0.0007399244229370779,2.07200423254e-10
0.021,65480000.0,6.436372281724892,0.00428868,1.026e+21,4.781,6.016,0.1066,2.5,1.5,0.0007503085784948503,2.16456495823e-10
0.0215,67880000.0,6.445061247423767,0.004120644,9.858e+20,4.864,6.027,0.1027,2.5,1.5,0.0007654541559896914,2.30087873395e-10
0.022,69400000.0,6.451976918778218,0.004015726,9.607e+20,4.918,6.035,0.1003,2.5,1.5,0.0007753891094491576,2.39317991396e-10
0.0225,71580000.0,2.2848557581682214,0.030935344,9.251e+20,4.996,6.047,0.0969,20.0,10.0,0.00033523974709709776,6.78148357481e-13
0.023,72980000.0,2.287111536216175,0.030182944,9.026e+20,5.045,6.055,0.09473,20.0,10.0,0.0003393924525844097,7.01697645879e-13
0.0235,75010000.0,2.2903638770267714,0.029102832,8.703e+20,5.113,6.068,0.0916,20.0,10.0,0.0003456331210908992,7.37146721693e-13
0.024,76970000.0,2.2935019241852657,0.028069536,8.394e+20,5.174,6.079,0.08859,20.0,10.0,0.0003519373522781013,7.727806518e-13
0.0245,78250000.0,2.2956027416658795,0.027414112,8.198e+20,5.211,6.087,0.08668,20.0,10.0,0.00035611960897507475,7.96406741719e-13
0.025,80100000.0,2.2984790592576485,0.026481136,7.919e+20,5.272,6.098,0.08394,20.0,10.0,0.0003623386595508081,8.33585295849e-13
0.0255,81300000.0,2.3006910727285033,0.025879216,7.739e+20,5.327,6.105,0.08219,20.0,10.0,0.00036652822314813595,8.62038021764e-13
0.026,82990000.0,2.3043649857267674,0.0249964,7.475e+20,5.436,6.115,0.07964,20.0,10.0,0.000372944533969946,9.11997669863e-13
0.0265,84800000.0,2.3083985447252506,0.02422728,7.245e+20,5.58,6.125,0.07746,20.0,10.0,0.0003788180375722124,9.68884287075e-13
0.027,86590000.0,2.3121265816938057,0.023304336,6.969e+20,5.703,6.133,0.07475,20.0,10.0,0.0003862465493704243,1.03102909198e-12
0.0275,87720000.0,2.3150609097790156,0.022949872,6.863e+20,5.825,6.138,0.0738,20.0,10.0,0.00038921793609448196,1.07315364976e-12
0.028,88800000.0,2.318318533288601,0.02202024,6.585e+20,5.94,6.145,0.07101,20.0,10.0,0.00039734884520229715,1.14159437674e-12
0.0285,90100000.0,2.322463566379916,0.021515296,6.434e+20,6.124,6.152,0.06963,20.0,10.0,0.00040198450830551306,1.21085286446e-12
0.029,92140000.0,2.325915015352484,0.02078296,6.215e+20,6.262,6.157,0.06746,20.0,10.0,0.00040900562264643234,1.28475424055e-12
0.0295,92930000.0,2.328567731041766,0.020007152,5.983e+20,6.368,6.162,0.06509,20.0,10.0,0.00041686011443390687,1.35821920233e-12
0.03,94060000.0,2.3306073209161893,0.019582464,5.856e+20,6.462,6.164,0.06382,20.0,10.0,0.00042135612444410656,1.41059518727e-12
0.0305,95020000.0,2.334368295323599,0.019238032,5.753e+20,6.651,6.167,0.0629,20.0,10.0,0.0004251113084166502,1.48608323435e-12
0.031,97310000.0,2.3373087678458933,0.018686272,5.588e+20,6.812,6.17,0.06125,20.0,10.0,0.0004313418991123511,1.57243740465e-12
0.0315,97710000.0,2.3387604828775608,0.017910464,5.356e+20,6.882,6.171,0.05878,20.0,10.0,0.0004405848513083375,1.65575328645e-12
0.032,98930000.0,2.3431050367844817,0.017783392,5.318e+20,7.121,6.171,0.05858,20.0,10.0,0.00044215615844041403,1.73932113396e-12
0.0325,101200000.0,2.345001104861793,0.016893888,5.052e+20,7.233,6.171,0.05574,20.0,10.0,0.0004536471365120232,1.85919400645e-12
0.033,89320000.0,2.300084611962098,0.011697312,3.498e+20,4.636,6.169,0.03713,20.0,10.0,0.0005451800338390439,1.49641149538e-12
0.0335,66190000.0,2.2516622639970185,0.008145984,2.436e+20,1.907,6.166,0.02478,20.0,10.0,0.0006532978107698282,7.13042952988e-13
0.034,56570000.0,2.247366941634714,0.00725648,2.17e+20,1.692,6.16,0.02199,20.0,10.0,0.0006921814844195645,6.8769471688e-13
0.0345,56880000.0,2.246134141144768,0.007095968,2.122e+20,1.669,6.157,0.02148,20.0,10.0,0.000699966338223889,6.90445012132e-13
0.035,57330000.0,2.245360189884003,0.006945488,2.077e+20,1.647,6.154,0.02101,20.0,10.0,0.0007075083936649823,6.9297088249e-13
0.0355,58240000.0,2.243125844185714,0.006657904,1.991e+20,1.605,6.148,0.0201,20.0,10.0,0.0007226270506592945,6.98269298435e-13
0.036,58700000.0,2.242209120048363,0.0065208,1.95e+20,1.585,6.145,0.01967,20.0,10.0,0.0007301843813511974,7.01033672159e-13
0.0365,59160000.0,2.2418301116621997,0.00638704,1.91e+20,1.565,6.142,0.01926,20.0,10.0,0.0007377906739272538,7.03632067768e-13
0.037,60100000.0,2.2397866608158967,0.00613624,1.835e+20,1.527,6.136,0.01847,20.0,10.0,0.0007527171489125447,7.08659256496e-13
0.0375,60570000.0,2.238695066446744,0.006015856,1.799e+20,1.509,6.133,0.01809,20.0,10.0,0.0007602111991148175,7.11408246478e-13
0.038,61040000.0,2.238186736736331,0.005898816,1.764e+20,1.491,6.13,0.01773,20.0,10.0,0.0007677159338596801,7.13948752861e-13
0.0385,61990000.0,2.236442018577179,0.005674768,1.697e+20,1.457,6.125,0.01703,20.0,10.0,0.0007827244924708375,7.1947123083e-13
0.039,62480000.0,2.235848419932106,0.00556776,1.665e+20,1.44,6.122,0.0167,20.0,10.0,0.0007902103722632553,7.21877860368e-13
0.0395,62960000.0,2.2345473101236433,0.005464096,1.634e+20,1.423,6.119,0.01637,20.0,10.0,0.0007976710285371043,7.2402460121e-13
0.04,63930000.0,2.2339167422525543,0.005263456,1.574e+20,1.392,6.113,0.01576,20.0,10.0,0.0008127322266114518,7.29671092508e-13
0.0405,64420000.0,2.232498832403416,0.005169824,1.546e+20,1.376,6.111,0.01546,20.0,10.0,0.0008200590014427912,7.31567638234e-13
0.041,65390000.0,2.231001013494516,0.004985904,1.491e+20,1.347,6.105,0.01489,20.0,10.0,0.0008350471980299232,7.37126214647e-13
0.0415,65870000.0,2.230974421961136,0.00489896,1.465e+20,1.332,6.103,0.01463,20.0,10.0,0.0008424245846883696,7.39123147049e-13
0.042,66370000.0,2.2293959833258894,0.00481536,1.44e+20,1.318,6.1,0.01436,20.0,10.0,0.0008497058314499201,7.41415048036e-13
0.0425,67330000.0,2.228482821178167,0.004651504,1.391e+20,1.291,6.095,0.01386,20.0,10.0,0.0008645423651148398,7.46524631968e-13
0.043,67830000.0,2.2275940322657504,0.004571248,1.367e+20,1.278,6.092,0.01361,20.0,10.0,0.0008720985964674508,7.49352707271e-13
0.0435,68300000.0,2.2266817773554766,0.00449768,1.345e+20,1.266,6.09,0.01338,20.0,10.0,0.0008792020714988569,7.52000927901e-13
0.044,69270000.0,2.225624300816815,0.004350544,1.301e+20,1.241,6.085,0.01293,20.0,10.0,0.0008939458170107184,7.56943338874e-13
0.0445,69740000.0,2.224636358560864,0.00428032,1.28e+20,1.229,6.083,0.01271,20.0,10.0,0.0009012491331479882,7.59411940393e-13
0.045,70230000.0,2.2245049776153527,0.004210096,1.259e+20,1.217,6.08,0.0125,20.0,10.0,0.0009087344235701726,7.61988147907e-13
0.0455,71190000.0,2.2233153346820482,0.004072992,1.218e+20,1.194,6.076,0.01208,20.0,10.0,0.0009239026242593428,7.67661987004e-13
0.046,71660000.0,2.2222344155858016,0.004009456,1.199e+20,1.182,6.073,0.01188,20.0,10.0,0.0009311941806994251,7.69464707229e-13
0.0465,72150000.0,2.2220598858773335,0.003942576,1.179e+20,1.171,6.071,0.01168,20.0,10.0,0.0009390591360871276,7.7267655995e-13
0.047,73100000.0,2.2207384406850776,0.003818848,1.142e+20,1.149,6.067,0.0113,20.0,10.0,0.0009541503037266069,7.77709631564e-13
0.0475,73580000.0,2.2195509271667593,0.003758656,1.124e+20,1.139,6.065,0.01111,20.0,10.0,0.0009617599525898829,7.80858830852e-13
0.048,74520000.0,2.219121212615723,0.003638272,1.088e+20,1.118,6.061,0.01075,20.0,10.0,0.0009775419353123002,7.86733107262e-13
0.0485,74970000.0,2.2178593379064986,0.003581424,1.071e+20,1.108,6.059,0.01057,20.0,10.0,0.0009852696597992898,7.89609256786e-13
0.049,75430000.0,2.2176224250886563,0.003524576,1.054e+20,1.098,6.057,0.0104,20.0,10.0,0.0009931835994613932,7.92599554595e-13
0.0495,76310000.0,2.2160549638220677,0.003417568,1.022e+20,1.078,6.053,0.01007,20.0,10.0,0.001008612617864684,7.97574886571e-13
0.05,76720000.0,2.2164631184483605,0.003364064,1.006e+20,1.069,6.051,0.009916,20.0,10.0,0.0010166017535143783,8.01062025925e-13
0.0505,77140000.0,2.2158858131650176,0.0033152416,9.914e+19,1.06,6.049,0.009767,20.0,10.0,0.0010240599639493627,8.03683848249e-13
0.051,77860000.0,2.214952310593352,0.0032249536,9.644e+19,1.043,6.045,0.009493,20.0,10.0,0.0010382961507794158,8.08481739869e-13
0.0515,78130000.0,2.21449593906263,0.00318516,9.525e+19,1.036,6.043,0.009372,20.0,10.0,0.0010447619628676755,8.11140067855e-13
0.052,78380000.0,2.214057453926587,0.0031503824,9.421e+19,1.03,6.042,0.009266,20.0,10.0,0.0010505127866694195,8.13632499903e-13
0.0525,78750000.0,2.213154727014775,0.003081496,9.215e+19,1.018,6.038,0.009056,20.0,10.0,0.0010621899183669615,8.18656143863e-13
0.053,79010000.0,2.212752738967378,0.003038024,9.085e+19,1.009,6.037,0.008925,20.0,10.0,0.001069762522574781,8.20654856722e-13
0.0535,79460000.0,2.2123027543487312,0.0029892016,8.939e+19,1.0,6.035,0.008778,20.0,10.0,0.0010784633136630586,8.240225745e-13
0.054,80590000.0,2.2113051835558313,0.0028845344,8.626e+19,0.9791,6.032,0.008463,20.0,10.0,0.0010978553381991339,8.30169459807e-13
0.0545,81100000.0,2.2109512807775835,0.002837384,8.485e+19,0.9698,6.03,0.008322,20.0,10.0,0.001106939592853856,8.33238828504e-13
0.055,81530000.0,2.21035513894065,0.0027952496,8.359e+19,0.9614,6.028,0.008194,20.0,10.0,0.0011152511563604715,8.36003287092e-13
0.0555,82500000.0,2.2095922594807336,0.0027026208,8.082e+19,0.9427,6.025,0.007917,20.0,10.0,0.0011342020339858109,8.42224980029e-13
0.056,83030000.0,2.2092158076429245,0.0026591488,7.952e+19,0.9338,6.024,0.007787,20.0,10.0,0.001143435467356181,8.45206107191e-13
0.0565,83440000.0,2.208700887861838,0.0026176832,7.828e+19,0.9253,6.022,0.007662,20.0,10.0,0.0011524562203423716,8.48154317227e-13
0.057,84360000.0,2.207914679618537,0.0025344176,7.579e+19,0.908,6.019,0.007413,20.0,10.0,0.0011712345937843819,8.54193870953e-13
0.0575,84800000.0,2.20755392844174,0.002497968,7.47e+19,0.9006,6.018,0.007304,20.0,10.0,0.001179748799073626,8.57180352161e-13
0.058,85200000.0,2.207008145893454,0.002459512,7.355e+19,0.8924,6.017,0.007188,20.0,10.0,0.0011889360793078028,8.60023978587e-13
0.0585,86030000.0,2.206386836671855,0.0023869472,7.138e+19,0.8772,6.014,0.006972,20.0,10.0,0.0012068730044479527,8.66006030359e-13
0.059,86370000.0,2.205983274433972,0.002350832,7.03e+19,0.8695,6.012,0.006864,20.0,10.0,0.0012161081033028763,8.6900111643e-13
0.0595,86770000.0,2.205594415461219,0.0023170576,6.929e+19,0.8624,6.011,0.006763,20.0,10.0,0.0012249392879651066,8.72020196871e-13
0.06,87520000.0,2.204760699174966,0.0022478368,6.722e+19,0.8474,6.008,0.006556,20.0,10.0,0.0012436569201189826,8.78032216116e-13
0.0605,87950000.0,2.204497092706055,0.0022133936,6.619e+19,0.8399,6.007,0.006454,20.0,10.0,0.0012532960020327543,8.81154100745e-13
0.061,88330000.0,2.2040559994484297,0.0021792848,6.517e+19,0.8324,6.006,0.006352,20.0,10.0,0.001263065824479441,8.84278754107e-13
0.0615,89140000.0,2.2033378314337915,0.0021130736,6.319e+19,0.8179,6.003,0.006155,20.0,10.0,0.0012827016906343408,8.90769569658e-13
0.062,89510000.0,2.2030429052369294,0.0020792992,6.218e+19,0.8103,6.002,0.006055,20.0,10.0,0.0012930772947965757,8.94023708487e-13
0.0625,89900000.0,2.202587703449924,0.0020478656,6.124e+19,0.8034,6.001,0.005961,20.0,10.0,0.0013029635115671915,8.97386225657e-13
0.063,90300000.0,2.2022856936946935,0.0020150944,6.026e+19,0.7961,6.0,0.005864,20.0,10.0,0.0013135157394348622,9.00891485215e-13
0.0635,91070000.0,2.2016883321553835,0.0019518928,5.837e+19,0.7819,5.997,0.005677,20.0,10.0,0.0013346119162269867,9.07894742866e-13
0.064,91440000.0,2.2013884807044133,0.001921128,5.745e+19,0.7749,5.996,0.005586,20.0,10.0,0.001345255661104491,9.11389157494e-13
0.0645,91830000.0,2.20109001807395,0.001891032,5.655e+19,0.768,5.995,0.005497,20.0,10.0,0.00135591835626612,9.1487086827e-13
0.065,92220000.0,2.200578375142993,0.001860936,5.565e+19,0.7611,5.994,0.005407,20.0,10.0,0.0013668386804728118,9.18487899864e-13
0.0655,92930000.0,2.1999363345702494,0.0018014128,5.387e+19,0.7472,5.992,0.005231,20.0,10.0,0.0013892370497764251,9.25718886603e-13
0.066,93370000.0,2.199636555912558,0.0017736576,5.304e+19,0.7407,5.991,0.005149,20.0,10.0,0.001400064639748863,9.29264227607e-13
0.0665,93720000.0,2.199263065131042,0.0017425584,5.211e+19,0.7332,5.99,0.005057,20.0,10.0,0.0014125027702603246,9.33091531343e-13
0.067,94000000.0,2.1991236430464336,0.0017127968,5.122e+19,0.726,5.989,0.00497,20.0,10.0,0.0014247217612001204,9.36880412834e-13
0.0675,94910000.0,2.198537332849396,0.0016612992,4.968e+19,0.7138,5.987,0.004818,20.0,10.0,0.001446635276491074,9.44202224625e-13
0.068,95190000.0,2.198109809676732,0.0016298656,4.874e+19,0.7059,5.986,0.004725,20.0,10.0,0.0014605185671611876,9.48267248183e-13
0.0685,95450000.0,2.197738679933947,0.001601776,4.79e+19,0.6989,5.985,0.004642,20.0,10.0,0.0014732691270328239,9.52155433433e-13
0.069,95880000.0,2.197466789894519,0.0015787024,4.721e+19,0.6932,5.984,0.004574,20.0,10.0,0.0014839963904994726,9.55550491797e-13
0.0695,96400000.0,2.1974305924381534,0.0015556288,4.652e+19,0.6876,5.983,0.004507,20.0,10.0,0.0014949614430650293,9.59219268893e-13
0.07,97130000.0,2.1966602437297684,0.001501456,4.49e+19,0.6736,5.981,0.004347,20.0,10.0,0.0015216917089264797,9.67004262489e-13
0.0705,97390000.0,2.1964698769583793,0.0014726976,4.404e+19,0.6661,5.98,0.004263,20.0,10.0,0.001536477446231897,9.71312770515e-13
0.071,97640000.0,2.1960346637686543,0.0014449424,4.321e+19,0.6587,5.979,0.004181,20.0,10.0,0.0015511639812829066,9.75406254296e-13
0.0715,97940000.0,2.1956261802694623,0.0014188592,4.243e+19,0.6518,5.978,0.004104,20.0,10.0,0.0015653567450697545,9.79523070938e-13
0.072,98300000.0,2.195256422979489,0.0013947824,4.171e+19,0.6455,5.977,0.004033,20.0,10.0,0.0015788095688711323,9.83605082604e-13
0.0725,98700000.0,2.1954457533626006,0.0013713744,4.101e+19,0.6394,5.976,0.003966,20.0,10.0,0.0015922269121793932,9.87780107544e-13
0.073,99600000.0,2.194517789399968,0.0013282368,3.972e+19,0.6279,5.974,0.003838,20.0,10.0,0.0016178759713310138,9.95480320362e-13
0.0735,100100000.0,2.194481366760412,0.0013071696,3.909e+19,0.6223,5.973,0.003777,20.0,10.0,0.0016308612342289643,9.99489887679e-13
0.074,100500000.0,2.194168567483729,0.0012867712,3.848e+19,0.6168,5.973,0.003717,20.0,10.0,0.0016437369320761465,1.00338118557e-12
0.0745,101000000.0,2.1938456444527423,0.0012663728,3.787e+19,0.6113,5.972,0.003657,20.0,10.0,0.001656922487919814,1.00742110789e-12
0.075,101500000.0,2.1938169854485414,0.0012459744,3.726e+19,0.6057,5.971,0.003598,20.0,10.0,0.0016704305326026604,1.01143435611e-12
0.0755,102000000.0,2.1934881444224192,0.0012259104,3.666e+19,0.6002,5.97,0.003539,20.0,10.0,0.0016840446985293604,1.01555184773e-12
0.076,102500000.0,2.1931593158045293,0.0012061808,3.607e+19,0.5947,5.969,0.003481,20.0,10.0,0.0016977618626856353,1.01958669584e-12
0.0765,102900000.0,2.1931397824350185,0.0011864512,3.548e+19,0.5892,5.968,0.003424,20.0,10.0,0.0017118197757817878,1.02378109168e-12
0.077,103400000.0,2.1924797091240835,0.001167056,3.49e+19,0.5836,5.968,0.003366,20.0,10.0,0.0017259854541581791,1.02769663078e-12
0.0775,104400000.0,2.1920897850321768,0.0011279312,3.373e+19,0.5724,5.966,0.003252,20.0,10.0,0.0017556650924899784,1.03628189833e-12
0.078,104900000.0,2.1917315775369826,0.0011088704,3.316e+19,0.5668,5.965,0.003196,20.0,10.0,0.0017706902009374818,1.04043842875e-12
0.0785,105300000.0,2.191709693283264,0.0010898096,3.259e+19,0.5612,5.965,0.003141,20.0,10.0,0.0017861077898962182,1.04477005028e-12
0.079,105800000.0,2.1916998899980427,0.0010710832,3.203e+19,0.5556,5.964,0.003087,20.0,10.0,0.0018016539388550233,1.04900352342e-12
0.0795,106300000.0,2.191328400743533,0.0010523568,3.147e+19,0.55,5.963,0.003032,20.0,10.0,0.0018176132224710046,1.0534187711e-12
0.08,106800000.0,2.1909705097099903,0.0010342992,3.093e+19,0.5445,5.962,0.002979,20.0,10.0,0.0018334112201660716,1.0576467807e-12
0.0805,107300000.0,2.190974139873843,0.0010162416,3.039e+19,0.539,5.962,0.002927,20.0,10.0,0.0018496284411166372,1.06205649771e-12
0.081,107800000.0,2.190625152994102,0.0009988528,2.987e+19,0.5336,5.961,0.002876,20.0,10.0,0.0018656588539953194,1.06625910139e-12
0.0815,108300000.0,2.190636965153654,0.0009811296,2.934e+19,0.5281,5.96,0.002825,20.0,10.0,0.0018824341375486657,1.07073700987e-12
0.082,108800000.0,2.1902839107545202,0.0009640752,2.883e+19,0.5226,5.96,0.002775,20.0,10.0,0.001899011189108153,1.07477093649e-12
0.0825,109300000.0,2.1899180803823137,0.0009470208,2.832e+19,0.5172,5.959,0.002725,20.0,10.0,0.0019160340395405209,1.07921110501e-12
0.083,109900000.0,2.1899634326902038,0.0009303008,2.782e+19,0.5118,5.958,0.002677,20.0,10.0,0.0019331754978252245,1.08351289104e-12
0.0835,110400000.0,2.189609746862673,0.0009139152,2.733e+19,0.5065,5.958,0.002629,20.0,10.0,0.0019504284761034357,1.08789685357e-12
0.084,110900000.0,2.1896510328814203,0.0008971952,2.683e+19,0.5011,5.957,0.002581,20.0,10.0,0.0019685185357252418,1.0925900275e-12
0.0845,111500000.0,2.1888627249809502,0.000881144,2.635e+19,0.4957,5.956,0.002533,20.0,10.0,0.0019863671989227864,1.09678167743e-12
0.085,112000000.0,2.1889081703061146,0.0008647584,2.586e+19,0.4903,5.956,0.002486,20.0,10.0,0.0020050979111780735,1.10153296549e-12
0.0855,112500000.0,2.1889726972866397,0.0008487072,2.538e+19,0.4849,5.955,0.00244,20.0,10.0,0.0020239698369069682,1.10613145542e-12
0.086,113000000.0,2.1886002761891996,0.0008329904,2.491e+19,0.4795,5.954,0.002394,20.0,10.0,0.0020429746654673595,1.11056384101e-12
0.0865,113600000.0,2.188661272053455,0.0008169392,2.443e+19,0.4741,5.954,0.002348,20.0,10.0,0.0020629471941048722,1.11559949832e-12
0.087,114100000.0,2.1882865568412027,0.0008015568,2.397e+19,0.4687,5.953,0.002303,20.0,10.0,0.0020826477804039567,1.1200753684e-12
0.0875,114700000.0,2.187897110174141,0.0007861744,2.351e+19,0.4633,5.953,0.002258,20.0,10.0,0.0021029237713050927,1.12476965363e-12
0.088,115200000.0,2.1875117638355785,0.0007711264,2.306e+19,0.458,5.952,0.002214,20.0,10.0,0.0021233431886102444,1.12953970895e-12
0.0885,115700000.0,2.1871312800918705,0.0007564128,2.262e+19,0.4527,5.951,0.002171,20.0,10.0,0.00214389516351629,1.13411300859e-12
0.089,116300000.0,2.187249370632327,0.0007416992,2.218e+19,0.4475,5.951,0.002129,20.0,10.0,0.002165055700381154,1.13918514557e-12
0.0895,116800000.0,2.186869332515616,0.00072732,2.175e+19,0.4422,5.95,0.002087,20.0,10.0,0.0021863526547733518,1.1437785241e-12
0.09,117300000.0,2.1869868501843754,0.0007126064,2.131e+19,0.4368,5.95,0.002045,20.0,10.0,0.0022088087801173323,1.14878517956e-12
0.0905,117900000.0,2.1865855205624523,0.0006982272,2.088e+19,0.4315,5.949,0.002003,20.0,10.0,0.0022314368341558736,1.15386542818e-12
0.091,118400000.0,2.186724575407273,0.000683848,2.045e+19,0.4262,5.948,0.001962,20.0,10.0,0.0022547748845397186,1.15920863101e-12
0.0915,119000000.0,2.1863236275143056,0.0006698032,2.003e+19,0.4209,5.948,0.001921,20.0,10.0,0.0022782919213484645,1.16433428962e-12
0.092,119000000.0,2.1863236275143056,0.0006698032,2.003e+19,0.4209,5.948,0.001921,20.0,10.0,0.0022782919213484645,1.16433428962e-12
0.0925,119500000.0,2.1859294274458407,0.0006560928,1.962e+19,0.4156,5.947,0.001881,20.0,10.0,0.0023019736246984537,1.16922222369e-12
0.093,120100000.0,2.1860873961034692,0.000642048,1.92e+19,0.4102,5.947,0.001841,20.0,10.0,0.0023270152556440194,1.17459144138e-12
0.0935,120600000.0,2.1856957566138586,0.000628672,1.88e+19,0.405,5.946,0.001802,20.0,10.0,0.0023516404414700488,1.17980458278e-12
0.094,121200000.0,2.185287014488259,0.000615296,1.84e+19,0.3996,5.946,0.001763,20.0,10.0,0.0023770643202506523,1.18467022201e-12
0.0945,121800000.0,2.1854935926438923,0.00060192,1.8e+19,0.3943,5.945,0.001725,20.0,10.0,0.0024033310217279683,1.19013428505e-12
0.095,122400000.0,2.1850888641097743,0.0005888784,1.761e+19,0.389,5.945,0.001687,20.0,10.0,0.002429797980960431,1.19532785225e-12
0.0955,123000000.0,2.1853280437596156,0.0005758368,1.722e+19,0.3837,5.944,0.00165,20.0,10.0,0.002457159063231541,1.20081962486e-12
0.096,123000000.0,2.1853280437596156,0.0005758368,1.722e+19,0.3837,5.944,0.00165,20.0,10.0,0.002457159063231541,1.20081962486e-12
0.0965,123600000.0,2.1849006867072567,0.0005627952,1.683e+19,0.3783,5.944,0.001612,20.0,10.0,0.0024854657726373687,1.20629350793e-12
0.097,124200000.0,2.18448249215367,0.000550088,1.645e+19,0.373,5.943,0.001575,20.0,10.0,0.002514009379675069,1.21181157652e-12
0.0975,124800000.0,2.184044434041577,0.0005373808,1.607e+19,0.3676,5.943,0.001538,20.0,10.0,0.002543559530266093,1.21731048748e-12
0.098,125400000.0,2.184312318345823,0.0005246736,1.569e+19,0.3622,5.942,0.001502,20.0,10.0,0.002574176806917038,1.22314984973e-12
0.0985,126000000.0,2.1846250777412477,0.0005123008,1.532e+19,0.3569,5.942,0.001467,20.0,10.0,0.0026050763859244716,1.22903432143e-12
0.099,126000000.0,2.1846250777412477,0.0005123008,1.532e+19,0.3569,5.942,0.001467,20.0,10.0,0.0026050763859244716,1.22903432143e-12
0.0995,126700000.0,2.183426931573966,0.000499928,1.495e+19,0.3514,5.941,0.00143,20.0,10.0,0.0026371160897660554,1.2345480913e-12
0.1,127300000.0,2.1845157868624785,0.0004875552,1.458e+19,0.346,5.941,0.001396,20.0,10.0,0.0026703678019199648,1.24080296248e-12
0.1005,128000000.0,2.183287339659264,0.0004755168,1.422e+19,0.3406,5.94,0.00136,20.0,10.0,0.0027039586544663164,1.24672208202e-12
0.101,128600000.0,2.1836417406582154,0.0004634784,1.386e+19,0.3351,5.94,0.001326,20.0,10.0,0.002738849886594499,1.25264548176e-12
0.1015,128600000.0,2.1836417406582154,0.0004634784,1.386e+19,0.3351,5.94,0.001326,20.0,10.0,0.002738849886594499,1.25264548176e-12
0.102,129300000.0,2.1832065355237176,0.0004517744,1.351e+19,0.3297,5.939,0.001292,20.0,10.0,0.002774100370308324,1.25858720891e-12
0.1025,130000000.0,2.182748087360851,0.0004400704,1.316e+19,0.3243,5.939,0.001258,20.0,10.0,0.002810747934512766,1.26493885714e-12
0.103,130700000.0,2.1831167636724684,0.000428032,1.28e+19,0.3187,5.939,0.001224,20.0,10.0,0.00285,1.27174519751e-12
0.1035,130700000.0,2.1831167636724684,0.000428032,1.28e+19,0.3187,5.939,0.001224,20.0,10.0,0.00285,1.27174519751e-12
0.104,131400000.0,2.1827105188463127,0.0004169968,1.247e+19,0.3134,5.938,0.001192,20.0,10.0,0.002887464264663947,1.27771827607e-12
0.1045,132100000.0,2.182240230816003,0.0004056272,1.213e+19,0.3078,5.938,0.001159,20.0,10.0,0.0029276519463912673,1.28371588088e-12
0.105,132100000.0,2.182240230816003,0.0004056272,1.213e+19,0.3078,5.938,0.001159,20.0,10.0,0.0029276519463912673,1.28371588088e-12
0.1055,132900000.0,2.18275396902706,0.000394592,1.18e+19,0.3024,5.937,0.001128,20.0,10.0,0.0029683071703627845,1.290136674e-12
0.106,133600000.0,2.18221309766202,0.000382888,1.145e+19,0.2965,5.937,0.001094,20.0,10.0,0.0030133328180752096,1.29669476745e-12
0.1065,134300000.0,2.181822715480483,0.0003725216,1.114e+19,0.2912,5.936,0.001064,20.0,10.0,0.0030549721075808444,1.30262378793e-12
0.107,134300000.0,2.181822715480483,0.0003725216,1.114e+19,0.2912,5.936,0.001064,20.0,10.0,0.0030549721075808444,1.30262378793e-12
0.1075,135200000.0,2.1824644940396567,0.0003621552,1.083e+19,0.2859,5.936,0.001035,20.0,10.0,0.0030983866769659337,1.30901139357e-12
0.108,135200000.0,2.1824644940396567,0.0003621552,1.083e+19,0.2859,5.936,0.001035,20.0,10.0,0.0030983866769659337,1.30901139357e-12
0.1085,135800000.0,2.1818638050653605,0.0003504512,1.048e+19,0.2797,5.936,0.001001,20.0,10.0,0.0031497000947745646,1.31578249837e-12
0.109,136700000.0,2.1818014053727426,0.000341088,1.02e+19,0.2748,5.935,0.0009742,20.0,10.0,0.0031926385915838624,1.32195770181e-12
0.1095,136700000.0,2.1818014053727426,0.000341088,1.02e+19,0.2748,5.935,0.0009742,20.0,10.0,0.0031926385915838624,1.32195770181e-12
0.11,137700000.0,2.181296871712486,0.00032891584,9.836e+18,0.2682,5.935,0.000939,20.0,10.0,0.0032511767819775324,1.32951772677e-12
0.1105,138400000.0,2.181257237693037,0.00031908448,9.542e+18,0.2628,5.934,0.0009109,20.0,10.0,0.003300883058618353,1.33584723485e-12
0.111,138400000.0,2.181257237693037,0.00031908448,9.542e+18,0.2628,5.934,0.0009109,20.0,10.0,0.003300883058618353,1.33584723485e-12
0.1115,139300000.0,2.181017957739461,0.00030808272,9.213e+18,0.2567,5.934,0.0008793,20.0,10.0,0.0033593040168604215,1.34328835041e-12
0.112,140100000.0,2.180908474005813,0.00029865264,8.931e+18,0.2513,5.934,0.0008523,20.0,10.0,0.003411927546140775,1.34933306295e-12
0.1125,140100000.0,2.180908474005813,0.00029865264,8.931e+18,0.2513,5.934,0.0008523,20.0,10.0,0.003411927546140775,1.34933306295e-12
0.113,141000000.0,2.180752332876269,0.00028681488,8.577e+18,0.2445,5.933,0.0008184,20.0,10.0,0.0034816261834704587,1.35760742752e-12
0.1135,141000000.0,2.180752332876269,0.00028681488,8.577e+18,0.2445,5.933,0.0008184,20.0,10.0,0.0034816261834704587,1.35760742752e-12
0.114,141600000.0,2.180479456198807,0.00027661568,8.272e+18,0.2385,5.933,0.0007891,20.0,10.0,0.0035452313573554003,1.36471770151e-12
0.1145,142900000.0,2.180307363244848,0.00026775408,8.007e+18,0.2332,5.932,0.0007637,20.0,10.0,0.003603420380883114,1.3710111494e-12
0.115,142900000.0,2.180307363244848,0.00026775408,8.007e+18,0.2332,5.932,0.0007637,20.0,10.0,0.003603420380883114,1.3710111494e-12
0.1155,143600000.0,2.1801243755064665,0.00025745456,7.699e+18,0.227,5.932,0.0007342,20.0,10.0,0.00367479134651844,1.37886752587e-12
0.116,143600000.0,2.1801243755064665,0.00025745456,7.699e+18,0.227,5.932,0.0007342,20.0,10.0,0.00367479134651844,1.37886752587e-12
0.1165,144600000.0,2.18012691703501,0.00024809136,7.419e+18,0.2213,5.932,0.0007075,20.0,10.0,0.003743494154346061,1.38641531013e-12
0.117,144600000.0,2.18012691703501,0.00024809136,7.419e+18,0.2213,5.932,0.0007075,20.0,10.0,0.003743494154346061,1.38641531013e-12
0.1175,145400000.0,2.179755820272927,0.00023705616,7.089e+18,0.2144,5.931,0.0006758,20.0,10.0,0.003829634762244031,1.39521266595e-12
0.118,145400000.0,2.179755820272927,0.00023705616,7.089e+18,0.2144,5.931,0.0006758,20.0,10.0,0.003829634762244031,1.39521266595e-12
0.1185,146400000.0,2.1796854294573103,0.00022816112,6.823e+18,0.2087,5.931,0.0006504,20.0,10.0,0.003903571685502216,1.40228185815e-12
0.119,147500000.0,2.1794758737678284,0.00021943328,6.562e+18,0.2031,5.93,0.0006254,20.0,10.0,0.0039804459568293675,1.40999476202e-12
0.1195,147500000.0,2.1794758737678284,0.00021943328,6.562e+18,0.2031,5.93,0.0006254,20.0,10.0,0.0039804459568293675,1.40999476202e-12
0.12,148700000.0,2.1792916719596165,0.00021087264,6.306e+18,0.1974,5.93,0.0006009,20.0,10.0,0.004060437795409518,1.41698953657e-12
0.1205,148700000.0,2.1792916719596165,0.00021087264,6.306e+18,0.1974,5.93,0.0006009,20.0,10.0,0.004060437795409518,1.41698953657e-12
0.121,149700000.0,2.1791305994243766,0.00020104128,6.012e+18,0.1909,5.929,0.0005728,20.0,10.0,0.004158534979250829,1.42647908929e-12
0.1215,149700000.0,2.1791305994243766,0.00020104128,6.012e+18,0.1909,5.929,0.0005728,20.0,10.0,0.004158534979250829,1.42647908929e-12
0.122,149700000.0,2.1791305994243766,0.00020104128,6.012e+18,0.1909,5.929,0.0005728,20.0,10.0,0.004158534979250829,1.42647908929e-12
0.1225,150500000.0,2.1787432348857814,0.00019187872,5.738e+18,0.1847,5.927,0.0005465,20.0,10.0,0.00425666598384384,1.43550505844e-12
0.123,150500000.0,2.1787432348857814,0.00019187872,5.738e+18,0.1847,5.927,0.0005465,20.0,10.0,0.00425666598384384,1.43550505844e-12
0.1235,151800000.0,2.1786065295279617,0.00018368592,5.493e+18,0.179,5.927,0.0005231,20.0,10.0,0.004350558825853828,1.44346761819e-12
0.124,151800000.0,2.1786065295279617,0.00018368592,5.493e+18,0.179,5.927,0.0005231,20.0,10.0,0.004350558825853828,1.44346761819e-12
0.1245,153200000.0,2.1781050080928455,0.00017576064,5.256e+18,0.1733,5.927,0.0005003,20.0,10.0,0.004447563593452962,1.45073192554e-12
0.125,153200000.0,2.1781050080928455,0.00017576064,5.256e+18,0.1733,5.927,0.0005003,20.0,10.0,0.004447563593452962,1.45073192554e-12
0.1255,154600000.0,2.1764854851876705,0.0001673672,5.005e+18,0.1674,5.918,0.0004757,20.0,10.0,0.004557721708576246,1.46075693472e-12
0.126,154600000.0,2.1764854851876705,0.0001673672,5.005e+18,0.1674,5.918,0.0004757,20.0,10.0,0.004557721708576246,1.46075693472e-12
0.1265,154600000.0,2.1764854851876705,0.0001673672,5.005e+18,0.1674,5.918,0.0004757,20.0,10.0,0.004557721708576246,1.46075693472e-12
0.127,155700000.0,2.1631421502275776,0.00015853904,4.741e+18,0.161,5.846,0.0004451,20.0,10.0,0.004682899820377816,1.47123905337e-12
0.1275,155700000.0,2.1631421502275776,0.00015853904,4.741e+18,0.161,5.846,0.0004451,20.0,10.0,0.004682899820377816,1.47123905337e-12
0.128,156700000.0,2.158014855142142,0.00015034624,4.496e+18,0.1549,5.818,0.0004201,20.0,10.0,0.0048087997629494145,1.48112879127e-12
0.1285,156700000.0,2.158014855142142,0.00015034624,4.496e+18,0.1549,5.818,0.0004201,20.0,10.0,0.0048087997629494145,1.48112879127e-12
0.129,158200000.0,2.1575202357682484,0.0001427888,4.27e+18,0.1492,5.817,0.0003988,20.0,10.0,0.0049344176709877775,1.49107039927e-12
0.1295,158200000.0,2.1575202357682484,0.0001427888,4.27e+18,0.1492,5.817,0.0003988,20.0,10.0,0.0049344176709877775,1.49107039927e-12
0.13,158200000.0,2.1575202357682484,0.0001427888,4.27e+18,0.1492,5.817,0.0003988,20.0,10.0,0.0049344176709877775,1.49107039927e-12
0.1305,159800000.0,2.1573692839524816,0.000135432,4.05e+18,0.1435,5.816,0.0003782,20.0,10.0,0.005066666666666666,1.50084232295e-12
0.131,159800000.0,2.1573692839524816,0.000135432,4.05e+18,0.1435,5.816,0.0003782,20.0,10.0,0.005066666666666666,1.50084232295e-12
0.1315,159800000.0,2.1573692839524816,0.000135432,4.05e+18,0.1435,5.816,0.0003782,20.0,10.0,0.005066666666666666,1.50084232295e-12
0.132,161500000.0,2.157280905539485,0.00012820896,3.834e+18,0.1379,5.816,0.000358,20.0,10.0,0.005207434194689241,1.51204303561e-12
0.1325,161500000.0,2.157280905539485,0.00012820896,3.834e+18,0.1379,5.816,0.000358,20.0,10.0,0.005207434194689241,1.51204303561e-12
0.133,161500000.0,2.157280905539485,0.00012820896,3.834e+18,0.1379,5.816,0.000358,20.0,10.0,0.005207434194689241,1.51204303561e-12
0.1335,163300000.0,2.1569476405261363,0.00012111968,3.622e+18,0.1322,5.816,0.0003381,20.0,10.0,0.005357665826015829,1.52274819612e-12
0.134,163300000.0,2.1569476405261363,0.00012111968,3.622e+18,0.1322,5.816,0.0003381,20.0,10.0,0.005357665826015829,1.52274819612e-12
0.1345,165200000.0,2.156979323406447,0.00011413072,3.413e+18,0.1265,5.815,0.0003186,20.0,10.0,0.005519270770568468,1.53436375357e-12
0.135,165200000.0,2.156979323406447,0.00011413072,3.413e+18,0.1265,5.815,0.0003186,20.0,10.0,0.005519270770568468,1.53436375357e-12
0.1355,165200000.0,2.156979323406447,0.00011413072,3.413e+18,0.1265,5.815,0.0003186,20.0,10.0,0.005519270770568468,1.53436375357e-12
0.136,167100000.0,2.1571109031581632,0.00010727552,3.208e+18,0.1208,5.815,0.0002995,20.0,10.0,0.005692888331603714,1.54666591868e-12
0.1365,167100000.0,2.1571109031581632,0.00010727552,3.208e+18,0.1208,5.815,0.0002995,20.0,10.0,0.005692888331603714,1.54666591868e-12
0.137,167100000.0,2.1571109031581632,0.00010727552,3.208e+18,0.1208,5.815,0.0002995,20.0,10.0,0.005692888331603714,1.54666591868e-12
0.1375,169100000.0,2.1566195150517773,0.00010058752,3.008e+18,0.1152,5.815,0.0002807,20.0,10.0,0.005879101103675122,1.56056249382e-12
0.138,169100000.0,2.1566195150517773,0.00010058752,3.008e+18,0.1152,5.815,0.0002807,20.0,10.0,0.005879101103675122,1.56056249382e-12
0.1385,169100000.0,2.1566195150517773,0.00010058752,3.008e+18,0.1152,5.815,0.0002807,20.0,10.0,0.005879101103675122,1.56056249382e-12
0.139,171200000.0,2.1565521407961437,9.399984e-05,2.811e+18,0.1095,5.815,0.0002623,20.0,10.0,0.0060816219821550385,1.57464476817e-12
0.1395,171200000.0,2.1565521407961437,9.399984e-05,2.811e+18,0.1095,5.815,0.0002623,20.0,10.0,0.0060816219821550385,1.57464476817e-12
0.14,171200000.0,2.1565521407961437,9.399984e-05,2.811e+18,0.1095,5.815,0.0002623,20.0,10.0,0.0060816219821550385,1.57464476817e-12
0.1405,171200000.0,2.1565521407961437,9.399984e-05,2.811e+18,0.1095,5.815,0.0002623,20.0,10.0,0.0060816219821550385,1.57464476817e-12
0.141,173400000.0,2.1565632936286434,8.751248e-05,2.617e+18,0.1037,5.814,0.0002442,20.0,10.0,0.006303009816541674,1.5890124865e-12
0.1415,173400000.0,2.1565632936286434,8.751248e-05,2.617e+18,0.1037,5.814,0.0002442,20.0,10.0,0.006303009816541674,1.5890124865e-12
0.142,173400000.0,2.1565632936286434,8.751248e-05,2.617e+18,0.1037,5.814,0.0002442,20.0,10.0,0.006303009816541674,1.5890124865e-12
0.1425,175600000.0,2.1557833356770346,8.119232e-05,2.428e+18,0.09799,5.814,0.0002264,20.0,10.0,0.0065437319884053225,1.60542426508e-12
0.143,175600000.0,2.1557833356770346,8.119232e-05,2.428e+18,0.09799,5.814,0.0002264,20.0,10.0,0.0065437319884053225,1.60542426508e-12
0.1435,175600000.0,2.1557833356770346,8.119232e-05,2.428e+18,0.09799,5.814,0.0002264,20.0,10.0,0.0065437319884053225,1.60542426508e-12
0.144,175600000.0,2.1557833356770346,8.119232e-05,2.428e+18,0.09799,5.814,0.0002264,20.0,10.0,0.0065437319884053225,1.60542426508e-12
0.1445,178000000.0,2.1559736825175917,7.493904e-05,2.241e+18,0.09224,5.814,0.000209,20.0,10.0,0.006811282867212957,1.62402511434e-12
0.145,178000000.0,2.1559736825175917,7.493904e-05,2.241e+18,0.09224,5.814,0.000209,20.0,10.0,0.006811282867212957,1.62402511434e-12
0.1455,178000000.0,2.1559736825175917,7.493904e-05,2.241e+18,0.09224,5.814,0.000209,20.0,10.0,0.006811282867212957,1.62402511434e-12
0.146,178000000.0,2.1559736825175917,7.493904e-05,2.241e+18,0.09224,5.814,0.000209,20.0,10.0,0.006811282867212957,1.62402511434e-12
0.1465,180500000.0,2.1558258813975804,6.885296e-05,2.059e+18,0.08651,5.813,0.000192,20.0,10.0,0.007105942215107632,1.64450567809e-12
0.147,180500000.0,2.1558258813975804,6.885296e-05,2.059e+18,0.08651,5.813,0.000192,20.0,10.0,0.007105942215107632,1.64450567809e-12
0.1475,180500000.0,2.1558258813975804,6.885296e-05,2.059e+18,0.08651,5.813,0.000192,20.0,10.0,0.007105942215107632,1.64450567809e-12
0.148,180500000.0,2.1558258813975804,6.885296e-05,2.059e+18,0.08651,5.813,0.000192,20.0,10.0,0.007105942215107632,1.64450567809e-12
0.1485,183200000.0,2.155201103257788,6.290064e-05,1.881e+18,0.08078,5.813,0.0001753,20.0,10.0,0.007434563018276681,1.66764996655e-12
0.149,183200000.0,2.155201103257788,6.290064e-05,1.881e+18,0.08078,5.813,0.0001753,20.0,10.0,0.007434563018276681,1.66764996655e-12
0.1495,183200000.0,2.155201103257788,6.290064e-05,1.881e+18,0.08078,5.813,0.0001753,20.0,10.0,0.007434563018276681,1.66764996655e-12
0.15,183200000.0,2.155201103257788,6.290064e-05,1.881e+18,0.08078,5.813,0.0001753,20.0,10.0,0.007434563018276681,1.66764996655e-12
0.1505,186000000.0,2.155940727771965,5.704864e-05,1.706e+18,0.07504,5.813,0.0001591,20.0,10.0,0.0078065713143360685,1.69477838817e-12
0.151,186000000.0,2.155940727771965,5.704864e-05,1.706e+18,0.07504,5.813,0.0001591,20.0,10.0,0.0078065713143360685,1.69477838817e-12
0.1515,186000000.0,2.155940727771965,5.704864e-05,1.706e+18,0.07504,5.813,0.0001591,20.0,10.0,0.0078065713143360685,1.69477838817e-12
0.152,186000000.0,2.155940727771965,5.704864e-05,1.706e+18,0.07504,5.813,0.0001591,20.0,10.0,0.0078065713143360685,1.69477838817e-12
0.1525,186000000.0,2.155940727771965,5.704864e-05,1.706e+18,0.07504,5.813,0.0001591,20.0,10.0,0.0078065713143360685,1.69477838817e-12
0.153,189000000.0,2.155543876363207,5.13304e-05,1.535e+18,0.06922,5.813,0.0001431,20.0,10.0,0.008229920782802543,1.72498587409e-12
0.1535,189000000.0,2.155543876363207,5.13304e-05,1.535e+18,0.06922,5.813,0.0001431,20.0,10.0,0.008229920782802543,1.72498587409e-12
0.154,189000000.0,2.155543876363207,5.13304e-05,1.535e+18,0.06922,5.813,0.0001431,20.0,10.0,0.008229920782802543,1.72498587409e-12
0.1545,189000000.0,2.155543876363207,5.13304e-05,1.535e+18,0.06922,5.813,0.0001431,20.0,10.0,0.008229920782802543,1.72498587409e-12
0.155,189000000.0,2.155543876363207,5.13304e-05,1.535e+18,0.06922,5.813,0.0001431,20.0,10.0,0.008229920782802543,1.72498587409e-12
0.1555,192300000.0,2.1553353581445154,4.577936e-05,1.369e+18,0.06343,5.812,0.0001276,20.0,10.0,0.008714613303272046,1.76075102646e-12
0.156,192300000.0,2.1553353581445154,4.577936e-05,1.369e+18,0.06343,5.812,0.0001276,20.0,10.0,0.008714613303272046,1.76075102646e-12
0.1565,192300000.0,2.1553353581445154,4.577936e-05,1.369e+18,0.06343,5.812,0.0001276,20.0,10.0,0.008714613303272046,1.76075102646e-12
0.157,192300000.0,2.1553353581445154,4.577936e-05,1.369e+18,0.06343,5.812,0.0001276,20.0,10.0,0.008714613303272046,1.76075102646e-12
0.1575,192300000.0,2.1553353581445154,4.577936e-05,1.369e+18,0.06343,5.812,0.0001276,20.0,10.0,0.008714613303272046,1.76075102646e-12
0.158,195700000.0,2.154438168389583,4.039552e-05,1.208e+18,0.05759,5.812,0.0001125,20.0,10.0,0.009277188429991218,1.8022736234e-12
0.1585,195700000.0,2.154438168389583,4.039552e-05,1.208e+18,0.05759,5.812,0.0001125,20.0,10.0,0.009277188429991218,1.8022736234e-12
0.159,195700000.0,2.154438168389583,4.039552e-05,1.208e+18,0.05759,5.812,0.0001125,20.0,10.0,0.009277188429991218,1.8022736234e-12
0.1595,195700000.0,2.154438168389583,4.039552e-05,1.208e+18,0.05759,5.812,0.0001125,20.0,10.0,0.009277188429991218,1.8022736234e-12
0.16,195700000.0,2.154438168389583,4.039552e-05,1.208e+18,0.05759,5.812,0.0001125,20.0,10.0,0.009277188429991218,1.8022736234e-12
0.1605,195700000.0,2.154438168389583,4.039552e-05,1.208e+18,0.05759,5.812,0.0001125,20.0,10.0,0.009277188429991218,1.8022736234e-12
0.161,199500000.0,2.15474761341509,3.517888e-05,1.052e+18,0.05178,5.812,9.8e-05,20.0,10.0,0.0099412724204904,1.85398249195e-12
0.1615,199500000.0,2.15474761341509,3.517888e-05,1.052e+18,0.05178,5.812,9.8e-05,20.0,10.0,0.0099412724204904,1.85398249195e-12
0.162,199500000.0,2.15474761341509,3.517888e-05,1.052e+18,0.05178,5.812,9.8e-05,20.0,10.0,0.0099412724204904,1.85398249195e-12
0.1625,199500000.0,2.15474761341509,3.517888e-05,1.052e+18,0.05178,5.812,9.8e-05,20.0,10.0,0.0099412724204904,1.85398249195e-12
0.163,199500000.0,2.15474761341509,3.517888e-05,1.052e+18,0.05178,5.812,9.8e-05,20.0,10.0,0.0099412724204904,1.85398249195e-12
0.1635,199500000.0,2.15474761341509,3.517888e-05,1.052e+18,0.05178,5.812,9.8e-05,20.0,10.0,0.0099412724204904,1.85398249195e-12
0.164,203700000.0,2.1548315585486986,3.012944e-05,9.01e+17,0.04594,5.812,8.394e-05,20.0,10.0,0.010742056921439237,1.91901037394e-12
0.1645,203700000.0,2.1548315585486986,3.012944e-05,9.01e+17,0.04594,5.812,8.394e-05,20.0,10.0,0.010742056921439237,1.91901037394e-12
0.165,203700000.0,2.1548315585486986,3.012944e-05,9.01e+17,0.04594,5.812,8.394e-05,20.0,10.0,0.010742056921439237,1.91901037394e-12
0.1655,203700000.0,2.1548315585486986,3.012944e-05,9.01e+17,0.04594,5.812,8.394e-05,20.0,10.0,0.010742056921439237,1.91901037394e-12
0.166,203700000.0,2.1548315585486986,3.012944e-05,9.01e+17,0.04594,5.812,8.394e-05,20.0,10.0,0.010742056921439237,1.91901037394e-12
0.1665,203700000.0,2.1548315585486986,3.012944e-05,9.01e+17,0.04594,5.812,8.394e-05,20.0,10.0,0.010742056921439237,1.91901037394e-12
0.167,203700000.0,2.1548315585486986,3.012944e-05,9.01e+17,0.04594,5.812,8.394e-05,20.0,10.0,0.010742056921439237,1.91901037394e-12
0.1675,208500000.0,2.154668514965685,2.5283984e-05,7.561e+17,0.0401,5.812,7.043e-05,20.0,10.0,0.01172627907520582,2.00374558557e-12
0.168,208500000.0,2.154668514965685,2.5283984e-05,7.561e+17,0.0401,5.812,7.043e-05,20.0,10.0,0.01172627907520582,2.00374558557e-12
0.1685,208500000.0,2.154668514965685,2.5283984e-05,7.561e+17,0.0401,5.812,7.043e-05,20.0,10.0,0.01172627907520582,2.00374558557e-12
0.169,208500000.0,2.154668514965685,2.5283984e-05,7.561e+17,0.0401,5.812,7.043e-05,20.0,10.0,0.01172627907520582,2.00374558557e-12
0.1695,208500000.0,2.154668514965685,2.5283984e-05,7.561e+17,0.0401,5.812,7.043e-05,20.0,10.0,0.01172627907520582,2.00374558557e-12
0.17,208500000.0,2.154668514965685,2.5283984e-05,7.561e+17,0.0401,5.812,7.043e-05,20.0,10.0,0.01172627907520582,2.00374558557e-12
0.1705,208500000.0,2.154668514965685,2.5283984e-05,7.561e+17,0.0401,5.812,7.043e-05,20.0,10.0,0.01172627907520582,2.00374558557e-12
0.171,208500000.0,2.154668514965685,2.5283984e-05,7.561e+17,0.0401,5.812,7.043e-05,20.0,10.0,0.01172627907520582,2.00374558557e-12
0.1715,213900000.0,2.154412557582091,2.0629136e-05,6.169e+17,0.03426,5.811,5.745e-05,20.0,10.0,0.012982025555291299,2.12200047294e-12
0.172,213900000.0,2.154412557582091,2.0629136e-05,6.169e+17,0.03426,5.811,5.745e-05,20.0,10.0,0.012982025555291299,2.12200047294e-12
0.1725,213900000.0,2.154412557582091,2.0629136e-05,6.169e+17,0.03426,5.811,5.745e-05,20.0,10.0,0.012982025555291299,2.12200047294e-12
0.173,213900000.0,2.154412557582091,2.0629136e-05,6.169e+17,0.03426,5.811,5.745e-05,20.0,10.0,0.012982025555291299,2.12200047294e-12
0.1735,213900000.0,2.154412557582091,2.0629136e-05,6.169e+17,0.03426,5.811,5.745e-05,20.0,10.0,0.012982025555291299,2.12200047294e-12
0.174,213900000.0,2.154412557582091,2.0629136e-05,6.169e+17,0.03426,5.811,5.745e-05,20.0,10.0,0.012982025555291299,2.12200047294e-12
0.1745,213900000.0,2.154412557582091,2.0629136e-05,6.169e+17,0.03426,5.811,5.745e-05,20.0,10.0,0.012982025555291299,2.12200047294e-12
0.175,213900000.0,2.154412557582091,2.0629136e-05,6.169e+17,0.03426,5.811,5.745e-05,20.0,10.0,0.012982025555291299,2.12200047294e-12
0.1755,213900000.0,2.154412557582091,2.0629136e-05,6.169e+17,0.03426,5.811,5.745e-05,20.0,10.0,0.012982025555291299,2.12200047294e-12
0.176,213900000.0,2.154412557582091,2.0629136e-05,6.169e+17,0.03426,5.811,5.745e-05,20.0,10.0,0.012982025555291299,2.12200047294e-12
0.1765,220200000.0,2.154438168389583,1.6158208e-05,4.832e+17,0.02834,5.811,4.5e-05,20.0,10.0,0.014668522860666895,2.2999587589e-12
0.177,220200000.0,2.154438168389583,1.6158208e-05,4.832e+17,0.02834,5.811,4.5e-05,20.0,10.0,0.014668522860666895,2.2999587589e-12
0.1775,220200000.0,2.154438168389583,1.6158208e-05,4.832e+17,0.02834,5.811,4.5e-05,20.0,10.0,0.014668522860666895,2.2999587589e-12
0.178,220200000.0,2.154438168389583,1.6158208e-05,4.832e+17,0.02834,5.811,4.5e-05,20.0,10.0,0.014668522860666895,2.2999587589e-12
0.1785,220200000.0,2.154438168389583,1.6158208e-05,4.832e+17,0.02834,5.811,4.5e-05,20.0,10.0,0.014668522860666895,2.2999587589e-12
0.179,220200000.0,2.154438168389583,1.6158208e-05,4.832e+17,0.02834,5.811,4.5e-05,20.0,10.0,0.014668522860666895,2.2999587589e-12
0.1795,220200000.0,2.154438168389583,1.6158208e-05,4.832e+17,0.02834,5.811,4.5e-05,20.0,10.0,0.014668522860666895,2.2999587589e-12
0.18,220200000.0,2.154438168389583,1.6158208e-05,4.832e+17,0.02834,5.811,4.5e-05,20.0,10.0,0.014668522860666895,2.2999587589e-12
0.1805,220200000.0,2.154438168389583,1.6158208e-05,4.832e+17,0.02834,5.811,4.5e-05,20.0,10.0,0.014668522860666895,2.2999587589e-12
0.181,220200000.0,2.154438168389583,1.6158208e-05,4.832e+17,0.02834,5.811,4.5e-05,20.0,10.0,0.014668522860666895,2.2999587589e-12
0.1815,227800000.0,2.154341770789213,1.1958144e-05,3.576e+17,0.02233,5.811,3.33e-05,20.0,10.0,0.017051048502469194,2.59898042489e-12
0.182,227800000.0,2.154341770789213,1.1958144e-05,3.576e+17,0.02233,5.811,3.33e-05,20.0,10.0,0.017051048502469194,2.59898042489e-12
0.1825,227800000.0,2.154341770789213,1.1958144e-05,3.576e+17,0.02233,5.811,3.33e-05,20.0,10.0,0.017051048502469194,2.59898042489e-12
0.183,227800000.0,2.154341770789213,1.1958144e-05,3.576e+17,0.02233,5.811,3.33e-05,20.0,10.0,0.017051048502469194,2.59898042489e-12
0.1835,227800000.0,2.154341770789213,1.1958144e-05,3.576e+17,0.02233,5.811,3.33e-05,20.0,10.0,0.017051048502469194,2.59898042489e-12
0.184,227800000.0,2.154341770789213,1.1958144e-05,3.576e+17,0.02233,5.811,3.33e-05,20.0,10.0,0.017051048502469194,2.59898042489e-12
0.1845,227800000.0,2.154341770789213,1.1958144e-05,3.576e+17,0.02233,5.811,3.33e-05,20.0,10.0,0.017051048502469194,2.59898042489e-12
0.185,227800000.0,2.154341770789213,1.1958144e-05,3.576e+17,0.02233,5.811,3.33e-05,20.0,10.0,0.017051048502469194,2.59898042489e-12
0.1855,227800000.0,2.154341770789213,1.1958144e-05,3.576e+17,0.02233,5.811,3.33e-05,20.0,10.0,0.017051048502469194,2.59898042489e-12
0.186,227800000.0,2.154341770789213,1.1958144e-05,3.576e+17,0.02233,5.811,3.33e-05,20.0,10.0,0.017051048502469194,2.59898042489e-12
0.1865,227800000.0,2.154341770789213,1.1958144e-05,3.576e+17,0.02233,5.811,3.33e-05,20.0,10.0,0.017051048502469194,2.59898042489e-12
0.187,227800000.0,2.154341770789213,1.1958144e-05,3.576e+17,0.02233,5.811,3.33e-05,20.0,10.0,0.017051048502469194,2.59898042489e-12
0.1875,227800000.0,2.154341770789213,1.1958144e-05,3.576e+17,0.02233,5.811,3.33e-05,20.0,10.0,0.017051048502469194,2.59898042489e-12
0.188,227800000.0,2.154341770789213,1.1958144e-05,3.576e+17,0.02233,5.811,3.33e-05,20.0,10.0,0.017051048502469194,2.59898042489e-12
0.1885,237400000.0,2.153841527415419,8.018912e-06,2.398e+17,0.01628,5.811,2.232e-05,20.0,10.0,0.020822134882961373,3.25686738718e-12
0.189,237400000.0,2.153841527415419,8.018912e-06,2.398e+17,0.01628,5.811,2.232e-05,20.0,10.0,0.020822134882961373,3.25686738718e-12
0.1895,237400000.0,2.153841527415419,8.018912e-06,2.398e+17,0.01628,5.811,2.232e-05,20.0,10.0,0.020822134882961373,3.25686738718e-12
0.19,237400000.0,2.153841527415419,8.018912e-06,2.398e+17,0.01628,5.811,2.232e-05,20.0,10.0,0.020822134882961373,3.25686738718e-12
0.1905,237400000.0,2.153841527415419,8.018912e-06,2.398e+17,0.01628,5.811,2.232e-05,20.0,10.0,0.020822134882961373,3.25686738718e-12
0.191,237400000.0,2.153841527415419,8.018912e-06,2.398e+17,0.01628,5.811,2.232e-05,20.0,10.0,0.020822134882961373,3.25686738718e-12
0.1915,237400000.0,2.153841527415419,8.018912e-06,2.398e+17,0.01628,5.811,2.232e-05,20.0,10.0,0.020822134882961373,3.25686738718e-12
0.192,237400000.0,2.153841527415419,8.018912e-06,2.398e+17,0.01628,5.811,2.232e-05,20.0,10.0,0.020822134882961373,3.25686738718e-12
0.1925,237400000.0,2.153841527415419,8.018912e-06,2.398e+17,0.01628,5.811,2.232e-05,20.0,10.0,0.020822134882961373,3.25686738718e-12
0.193,237400000.0,2.153841527415419,8.018912e-06,2.398e+17,0.01628,5.811,2.232e-05,20.0,10.0,0.020822134882961373,3.25686738718e-12
0.1935,237400000.0,2.153841527415419,8.018912e-06,2.398e+17,0.01628,5.811,2.232e-05,20.0,10.0,0.020822134882961373,3.25686738718e-12
0.194,237400000.0,2.153841527415419,8.018912e-06,2.398e+17,0.01628,5.811,2.232e-05,20.0,10.0,0.020822134882961373,3.25686738718e-12
0.1945,237400000.0,2.153841527415419,8.018912e-06,2.398e+17,0.01628,5.811,2.232e-05,20.0,10.0,0.020822134882961373,3.25686738718e-12
0.195,237400000.0,2.153841527415419,8.018912e-06,2.398e+17,0.01628,5.811,2.232e-05,20.0,10.0,0.020822134882961373,3.25686738718e-12
0.1955,237400000.0,2.153841527415419,8.018912e-06,2.398e+17,0.01628,5.811,2.232e-05,20.0,10.0,0.020822134882961373,3.25686738718e-12
0.196,237400000.0,2.153841527415419,8.018912e-06,2.398e+17,0.01628,5.811,2.232e-05,20.0,10.0,0.020822134882961373,3.25686738718e-12
0.1965,237400000.0,2.153841527415419,8.018912e-06,2.398e+17,0.01628,5.811,2.232e-05,20.0,10.0,0.020822134882961373,3.25686738718e-12
0.197,250700000.0,2.1539010217716092,4.44752e-06,1.33e+17,0.01018,5.811,1.238e-05,20.0,10.0,0.027959153880514443,6.08245061952e-12
0.1975,250700000.0,2.1539010217716092,4.44752e-06,1.33e+17,0.01018,5.811,1.238e-05,20.0,10.0,0.027959153880514443,6.08245061952e-12
0.198,250700000.0,2.1539010217716092,4.44752e-06,1.33e+17,0.01018,5.811,1.238e-05,20.0,10.0,0.027959153880514443,6.08245061952e-12
0.1985,250700000.0,2.1539010217716092,4.44752e-06,1.33e+17,0.01018,5.811,1.238e-05,20.0,10.0,0.027959153880514443,6.08245061952e-12
0.199,250700000.0,2.1539010217716092,4.44752e-06,1.33e+17,0.01018,5.811,1.238e-05,20.0,10.0,0.027959153880514443,6.08245061952e-12
0.1995,250700000.0,2.1539010217716092,4.44752e-06,1.33e+17,0.01018,5.811,1.238e-05,20.0,10.0,0.027959153880514443,6.08245061952e-12
0.2,250700000.0,2.1539010217716092,4.44752e-06,1.33e+17,0.01018,5.811,1.238e-05,20.0,10.0,0.027959153880514443,6.08245061952e-12
0.2005,250700000.0,2.1539010217716092,4.44752e-06,1.33e+17,0.01018,5.811,1.238e-05,20.0,10.0,0.027959153880514443,6.08245061952e-12
0.201,250700000.0,2.1539010217716092,4.44752e-06,1.33e+17,0.01018,5.811,1.238e-05,20.0,10.0,0.027959153880514443,6.08245061952e-12
0.2015,250700000.0,2.1539010217716092,4.44752e-06,1.33e+17,0.01018,5.811,1.238e-05,20.0,10.0,0.027959153880514443,6.08245061952e-12
0.202,250700000.0,2.1539010217716092,4.44752e-06,1.33e+17,0.01018,5.811,1.238e-05,20.0,10.0,0.027959153880514443,6.08245061952e-12
0.2025,250700000.0,2.1539010217716092,4.44752e-06,1.33e+17,0.01018,5.811,1.238e-05,20.0,10.0,0.027959153880514443,6.08245061952e-12
0.203,250700000.0,2.1539010217716092,4.44752e-06,1.33e+17,0.01018,5.811,1.238e-05,20.0,10.0,0.027959153880514443,6.08245061952e-12
0.2035,250700000.0,2.1539010217716092,4.44752e-06,1.33e+17,0.01018,5.811,1.238e-05,20.0,10.0,0.027959153880514443,6.08245061952e-12
0.204,250700000.0,2.1539010217716092,4.44752e-06,1.33e+17,0.01018,5.811,1.238e-05,20.0,10.0,0.027959153880514443,6.08245061952e-12
0.2045,250700000.0,2.1539010217716092,4.44752e-06,1.33e+17,0.01018,5.811,1.238e-05,20.0,10.0,0.027959153880514443,6.08245061952e-12
0.205,250700000.0,2.1539010217716092,4.44752e-06,1.33e+17,0.01018,5.811,1.238e-05,20.0,10.0,0.027959153880514443,6.08245061952e-12
0.2055,250700000.0,2.1539010217716092,4.44752e-06,1.33e+17,0.01018,5.811,1.238e-05,20.0,10.0,0.027959153880514443,6.08245061952e-12
0.206,250700000.0,2.1539010217716092,4.44752e-06,1.33e+17,0.01018,5.811,1.238e-05,20.0,10.0,0.027959153880514443,6.08245061952e-12
0.2065,250700000.0,2.1539010217716092,4.44752e-06,1.33e+17,0.01018,5.811,1.238e-05,20.0,10.0,0.027959153880514443,6.08245061952e-12
0.207,250700000.0,2.1539010217716092,4.44752e-06,1.33e+17,0.01018,5.811,1.238e-05,20.0,10.0,0.027959153880514443,6.08245061952e-12
0.2075,250700000.0,2.1539010217716092,4.44752e-06,1.33e+17,0.01018,5.811,1.238e-05,20.0,10.0,0.027959153880514443,6.08245061952e-12
0.208,250700000.0,2.1539010217716092,4.44752e-06,1.33e+17,0.01018,5.811,1.238e-05,20.0,10.0,0.027959153880514443,6.08245061952e-12
0.2085,250700000.0,2.1539010217716092,4.44752e-06,1.33e+17,0.01018,5.811,1.238e-05,20.0,10.0,0.027959153880514443,6.08245061952e-12
0.209,250700000.0,2.1539010217716092,4.44752e-06,1.33e+17,0.01018,5.811,1.238e-05,20.0,10.0,0.027959153880514443,6.08245061952e-12
0.2095,250700000.0,2.1539010217716092,4.44752e-06,1.33e+17,0.01018,5.811,1.238e-05,20.0,10.0,0.027959153880514443,6.08245061952e-12
0.21,250700000.0,2.1539010217716092,4.44752e-06,1.33e+17,0.01018,5.811,1.238e-05,20.0,10.0,0.027959153880514443,6.08245061952e-12
0.2105,272400000.0,2.1536762195499253,1.2630288e-06,3.777e+16,0.003652,5.811,3.515e-06,20.0,10.0,0.05246580640701185,-3.22252810606e-12
0.211,272400000.0,2.1536762195499253,1.2630288e-06,3.777e+16,0.003652,5.811,3.515e-06,20.0,10.0,0.05246580640701185,-3.22252810606e-12
0.2115,272400000.0,2.1536762195499253,1.2630288e-06,3.777e+16,0.003652,5.811,3.515e-06,20.0,10.0,0.05246580640701185,-3.22252810606e-12
0.212,272400000.0,2.1536762195499253,1.2630288e-06,3.777e+16,0.003652,5.811,3.515e-06,20.0,10.0,0.05246580640701185,-3.22252810606e-12
0.2125,272400000.0,2.1536762195499253,1.2630288e-06,3.777e+16,0.003652,5.811,3.515e-06,20.0,10.0,0.05246580640701185,-3.22252810606e-12
0.213,272400000.0,2.1536762195499253,1.2630288e-06,3.777e+16,0.003652,5.811,3.515e-06,20.0,10.0,0.05246580640701185,-3.22252810606e-12
0.2135,272400000.0,2.1536762195499253,1.2630288e-06,3.777e+16,0.003652,5.811,3.515e-06,20.0,10.0,0.05246580640701185,-3.22252810606e-12
0.214,272400000.0,2.1536762195499253,1.2630288e-06,3.777e+16,0.003652,5.811,3.515e-06,20.0,10.0,0.05246580640701185,-3.22252810606e-12
0.2145,272400000.0,2.1536762195499253,1.2630288e-06,3.777e+16,0.003652,5.811,3.515e-06,20.0,10.0,0.05246580640701185,-3.22252810606e-12
0.215,272400000.0,2.1536762195499253,1.2630288e-06,3.777e+16,0.003652,5.811,3.515e-06,20.0,10.0,0.05246580640701185,-3.22252810606e-12
0.2155,272400000.0,2.1536762195499253,1.2630288e-06,3.777e+16,0.003652,5.811,3.515e-06,20.0,10.0,0.05246580640701185,-3.22252810606e-12
0.216,272400000.0,2.1536762195499253,1.2630288e-06,3.777e+16,0.003652,5.811,3.515e-06,20.0,10.0,0.05246580640701185,-3.22252810606e-12
0.2165,272400000.0,2.1536762195499253,1.2630288e-06,3.777e+16,0.003652,5.811,3.515e-06,20.0,10.0,0.05246580640701185,-3.22252810606e-12
0.217,272400000.0,2.1536762195499253,1.2630288e-06,3.777e+16,0.003652,5.811,3.515e-06,20.0,10.0,0.05246580640701185,-3.22252810606e-12
0.2175,272400000.0,2.1536762195499253,1.2630288e-06,3.777e+16,0.003652,5.811,3.515e-06,20.0,10.0,0.05246580640701185,-3.22252810606e-12
